ID;Naslov;Autor;Godina;Žanr;Kategorija;Opis;Dostupnost;Lokacija;Ključne riječi
K001;Judita;Marko Marulić;1501;ep;Hrvatska književnost;Religiozno-humanistički ep o biblijskoj junakinji Juditi i borbi za spas naroda.;Dostupno;A1-01;Marulić, ep, hrvatska književnost, renesansa
K002;Osman;Ivan Gundulić;1621;ep;Hrvatska književnost;Barokni ep koji obrađuje povijesne sukobe i temu prolaznosti zemaljske moći.;Dostupno;A1-02;Gundulić, barok, ep, povijest
K003;Dundo Maroje;Marin Držić;1551;komedija;Hrvatska književnost;Renesansna komedija o škrtosti, novcu, obitelji i sukobu generacija.;Posuđeno;A1-03;Držić, komedija, renesansa, Dubrovnik
K004;Povratak Filipa Latinovicza;Miroslav Krleža;1932;roman;Hrvatska književnost;Modernistički roman o umjetniku koji se vraća u zavičaj i preispituje vlastiti identitet.;Dostupno;A1-04;Krleža, modernizam, identitet, umjetnost
K005;Gospoda Glembajevi;Miroslav Krleža;1929;drama;Hrvatska književnost;Drama o propadanju bogate građanske obitelji i moralnim sukobima njezinih članova.;Dostupno;A1-05;Krleža, drama, obitelj, društvena kritika
K006;U registraturi;Ante Kovačić;1888;roman;Hrvatska književnost;Realistički roman o odrastanju Ivice Kičmanovića i društvenim razlikama.;Dostupno;A1-06;realizam, Kovačić, društvo, odrastanje
K007;Zlatarovo zlato;August Šenoa;1871;povijesni roman;Hrvatska književnost;Povijesni roman o ljubavi, Zagrebu i društvenim odnosima u 16. stoljeću.;Posuđeno;A1-07;Šenoa, Zagreb, povijest, ljubav
K008;Seljačka buna;August Šenoa;1877;povijesni roman;Hrvatska književnost;Roman o pobuni seljaka i sukobu potlačenih s feudalnom vlašću.;Dostupno;A1-08;Šenoa, seljaci, buna, povijest
K009;Tena;Josip Kozarac;1894;pripovijetka;Hrvatska književnost;Pripovijetka o slavonskom selu, ljepoti, moralnim izborima i društvenim promjenama.;Dostupno;A1-09;Kozarac, Slavonija, realizam, selo
K010;Vlak u snijegu;Mato Lovrak;1933;dječji roman;Dječja književnost;Dječji roman o solidarnosti, zajedništvu i snalažljivosti učenika na putovanju.;Dostupno;D1-01;Lovrak, djeca, škola, zajedništvo
K011;Družba Pere Kvržice;Mato Lovrak;1933;dječji roman;Dječja književnost;Roman o skupini djece koja zajedničkim radom obnavljaju stari mlin.;Posuđeno;D1-02;Lovrak, prijateljstvo, rad, djeca
K012;Čudnovate zgode šegrta Hlapića;Ivana Brlić-Mažuranić;1913;dječji roman;Dječja književnost;Pustolovni dječji roman o hrabrom šegrtu Hlapiću i njegovu putovanju.;Dostupno;D1-03;Hlapić, pustolovina, dobrota, djeca
K013;Priče iz davnine;Ivana Brlić-Mažuranić;1916;bajke;Dječja književnost;Zbirka bajki nadahnuta slavenskom mitologijom, s temama dobra, mudrosti i hrabrosti.;Dostupno;D1-04;bajke, mitologija, Ivana Brlić-Mažuranić
K014;Koko u Parizu;Ivan Kušan;1972;dječji roman;Dječja književnost;Dječji kriminalistički roman u kojem Koko sudjeluje u napetoj pariškoj pustolovini.;Dostupno;D1-05;Koko, detektivski roman, pustolovina
K015;Lažeš, Melita;Ivan Kušan;1965;dječji roman;Dječja književnost;Humoristični roman o djevojčici Meliti i njezinoj sklonosti izmišljanju.;Rezervirano;D1-06;Kušan, humor, djeca, obitelj
K016;Ježeva kućica;Branko Ćopić;1949;bajka u stihu;Dječja književnost;Priča u stihu o ježu koji voli svoj dom i brani vrijednost skromnosti.;Dostupno;D1-07;Ćopić, dom, životinje, djeca
K017;Breza;Slavko Kolar;1928;pripovijetka;Hrvatska književnost;Pripovijetka o krhkoj Janici i grubom seoskom okruženju u kojem živi.;Dostupno;A1-10;Kolar, selo, pripovijetka, sudbina
K018;Prosjaci i sinovi;Ivan Raos;1971;roman;Hrvatska književnost;Roman o dalmatinskom zaleđu, obitelji i snalaženju na rubu društva.;Dostupno;A1-11;Raos, Dalmacija, obitelj, društvo
K019;Mirisi, zlato i tamjan;Slobodan Novak;1968;roman;Hrvatska književnost;Roman o izolaciji, sjećanju i egzistencijalnim pitanjima u otočnom prostoru.;Posuđeno;A1-12;Novak, otok, egzistencijalizam, modernizam
K020;Kiklop;Ranko Marinković;1965;roman;Hrvatska književnost;Modernistički roman o zagrebačkom intelektualcu uoči Drugog svjetskog rata.;Dostupno;A1-13;Marinković, Zagreb, rat, modernizam
K021;Zločin i kazna;Fjodor Mihajlovič Dostojevski;1866;roman;Svjetska književnost;Psihološki roman o krivnji, kazni, savjesti i moralnim posljedicama zločina.;Dostupno;B1-01;Dostojevski, psihološki roman, moral, Rusija
K022;Braća Karamazovi;Fjodor Mihajlovič Dostojevski;1880;roman;Svjetska književnost;Filozofski roman o vjeri, obitelji, krivnji i moralnim dilemama.;Posuđeno;B1-02;Dostojevski, filozofija, obitelj, vjera
K023;Ana Karenjina;Lav Nikolajevič Tolstoj;1878;roman;Svjetska književnost;Roman o ljubavi, braku, društvenim normama i osobnoj tragediji.;Dostupno;B1-03;Tolstoj, ljubav, brak, ruski realizam
K024;Rat i mir;Lav Nikolajevič Tolstoj;1869;roman;Svjetska književnost;Opsežan roman o ruskom društvu, ratu, obitelji i povijesnim promjenama.;Dostupno;B1-04;Tolstoj, povijest, rat, Rusija
K025;Na Drini ćuprija;Ivo Andrić;1945;roman;Svjetska književnost;Povijesni roman o mostu u Višegradu i životima ljudi kroz više stoljeća.;Dostupno;B1-05;Andrić, most, povijest, Balkan
K026;Prokleta avlija;Ivo Andrić;1954;roman;Svjetska književnost;Kratki roman o zatvoru, pričanju priča i sudbinama ljudi u osmanskom svijetu.;Rezervirano;B1-06;Andrić, zatvor, priča, sudbina
K027;Stranac;Albert Camus;1942;roman;Svjetska književnost;Egzistencijalistički roman o otuđenju, apsurdu i odnosu pojedinca prema društvu.;Dostupno;B1-07;Camus, apsurd, egzistencijalizam, otuđenje
K028;Kuga;Albert Camus;1947;roman;Svjetska književnost;Roman o epidemiji, solidarnosti, odgovornosti i ljudskom ponašanju u krizi.;Dostupno;B1-08;Camus, epidemija, solidarnost, kriza
K029;Proces;Franz Kafka;1925;roman;Svjetska književnost;Roman o pojedincu koji se suočava s nejasnim i apsurdnim sustavom optužbe.;Posuđeno;B1-09;Kafka, apsurd, birokracija, krivnja
K030;Preobražaj;Franz Kafka;1915;novela;Svjetska književnost;Novela o Gregoru Samsi koji se budi pretvoren u kukca i postaje teret obitelji.;Dostupno;B1-10;Kafka, preobražaj, obitelj, otuđenje
K031;1984;George Orwell;1949;distopijski roman;Svjetska književnost;Distopijski roman o nadzoru, propagandi i totalitarnoj kontroli društva.;Dostupno;B2-01;Orwell, distopija, nadzor, totalitarizam
K032;Životinjska farma;George Orwell;1945;alegorijski roman;Svjetska književnost;Alegorijska priča o revoluciji, moći i izdaji ideala.;Dostupno;B2-02;Orwell, alegorija, politika, moć
K033;Vrli novi svijet;Aldous Huxley;1932;distopijski roman;Svjetska književnost;Distopija o društvu kontrole, potrošnje, tehnologije i gubitka individualnosti.;Posuđeno;B2-03;Huxley, distopija, tehnologija, društvo
K034;Fahrenheit 451;Ray Bradbury;1953;distopijski roman;Svjetska književnost;Roman o društvu koje spaljuje knjige i potiskuje kritičko mišljenje.;Dostupno;B2-04;Bradbury, knjige, cenzura, distopija
K035;Lovac u žitu;J. D. Salinger;1951;roman;Svjetska književnost;Roman o tinejdžeru Holdenu Caulfieldu, odrastanju, usamljenosti i neprilagođenosti.;Dostupno;B2-05;Salinger, odrastanje, mladi, identitet
K036;Mali princ;Antoine de Saint-Exupéry;1943;filozofska bajka;Dječja književnost;Poetska bajka o prijateljstvu, odgovornosti, ljubavi i gledanju srcem.;Dostupno;D1-08;Mali princ, prijateljstvo, ljubav, bajka
K037;Alkemičar;Paulo Coelho;1988;roman;Popularna književnost;Roman o osobnoj legendi, snovima, putovanju i traženju smisla.;Posuđeno;C1-01;Coelho, putovanje, snovi, samorazvoj
K038;Sto godina samoće;Gabriel García Márquez;1967;roman;Svjetska književnost;Roman magijskog realizma o obitelji Buendía i mjestu Macondo.;Dostupno;B2-06;Márquez, magijski realizam, obitelj, Latinska Amerika
K039;Ljubav u doba kolere;Gabriel García Márquez;1985;roman;Svjetska književnost;Roman o dugotrajnoj ljubavi, vremenu, strpljenju i životnim izborima.;Dostupno;B2-07;Márquez, ljubav, vrijeme, romantika
K040;Starac i more;Ernest Hemingway;1952;novela;Svjetska književnost;Novela o starom ribaru, borbi s golemom ribom i ljudskoj ustrajnosti.;Dostupno;B2-08;Hemingway, more, ustrajnost, novela
K041;Kome zvono zvoni;Ernest Hemingway;1940;roman;Svjetska književnost;Ratni roman o ljubavi, hrabrosti i žrtvi tijekom Španjolskog građanskog rata.;Rezervirano;B2-09;Hemingway, rat, ljubav, Španjolska
K042;Veliki Gatsby;F. Scott Fitzgerald;1925;roman;Svjetska književnost;Roman o američkom snu, bogatstvu, iluzijama i tragičnoj ljubavi.;Dostupno;B2-10;Fitzgerald, američki san, bogatstvo, ljubav
K043;Gospodar muha;William Golding;1954;roman;Svjetska književnost;Roman o skupini dječaka na otoku i raspadu civiliziranog ponašanja.;Dostupno;B2-11;Golding, društvo, otok, nasilje
K044;Ponos i predrasude;Jane Austen;1813;roman;Svjetska književnost;Roman o ljubavi, braku, klasnim razlikama i društvenim očekivanjima.;Posuđeno;B2-12;Austen, ljubav, brak, društvo
K045;Jane Eyre;Charlotte Brontë;1847;roman;Svjetska književnost;Roman o samostalnosti, ljubavi, moralu i položaju žene u društvu.;Dostupno;B2-13;Brontë, ljubav, žena, moral
K046;Orkanski visovi;Emily Brontë;1847;roman;Svjetska književnost;Roman o strasti, osveti, obiteljskim odnosima i tragičnoj ljubavi.;Dostupno;B2-14;Brontë, ljubav, osveta, tragedija
K047;Don Quijote;Miguel de Cervantes;1605;roman;Svjetska književnost;Roman o viteškim idealima, mašti, stvarnosti i pustolovinama Don Quijotea.;Dostupno;B2-15;Cervantes, viteštvo, humor, pustolovina
K048;Hamlet;William Shakespeare;1603;tragedija;Svjetska književnost;Tragedija o osveti, neodlučnosti, obitelji i moralnom rasulu danskog dvora.;Dostupno;B3-01;Shakespeare, tragedija, osveta, drama
K049;Romeo i Julija;William Shakespeare;1597;tragedija;Svjetska književnost;Tragedija o zabranjenoj ljubavi dvoje mladih iz zavađenih obitelji.;Posuđeno;B3-02;Shakespeare, ljubav, tragedija, drama
K050;Božanstvena komedija;Dante Alighieri;1321;ep;Svjetska književnost;Alegorijsko putovanje kroz Pakao, Čistilište i Raj s religijskim i filozofskim temama.;Dostupno;B3-03;Dante, ep, religija, alegorija
K051;Harry Potter i Kamen mudraca;J. K. Rowling;1997;fantasy roman;Fantasy;Prvi roman o dječaku čarobnjaku, školi Hogwarts i otkrivanju vlastitog identiteta.;Dostupno;C2-01;Harry Potter, čarobnjaci, škola, fantasy
K052;Harry Potter i Odaja tajni;J. K. Rowling;1998;fantasy roman;Fantasy;Nastavak serijala u kojem Harry istražuje tajnu odaje i opasnosti u Hogwartsu.;Posuđeno;C2-02;Harry Potter, Hogwarts, fantasy, misterij
K053;Hobit;J. R. R. Tolkien;1937;fantasy roman;Fantasy;Pustolovni fantasy roman o Bilbu Bagginsu, patuljcima i potrazi za blagom.;Dostupno;C2-03;Tolkien, Hobit, pustolovina, zmaj
K054;Gospodar prstenova: Prstenova družina;J. R. R. Tolkien;1954;fantasy roman;Fantasy;Prvi dio epskog fantasy serijala o putovanju družine i borbi protiv Saurona.;Dostupno;C2-04;Tolkien, prsten, fantasy, epska pustolovina
K055;Gospodar prstenova: Dvije kule;J. R. R. Tolkien;1954;fantasy roman;Fantasy;Drugi dio trilogije o razdvajanju družine, ratu i nastavku puta prema Mordoru.;Rezervirano;C2-05;Tolkien, Mordor, rat, fantasy
K056;Gospodar prstenova: Povratak kralja;J. R. R. Tolkien;1955;fantasy roman;Fantasy;Završni dio trilogije o konačnoj borbi protiv tame i povratku kralja.;Dostupno;C2-06;Tolkien, kralj, prsten, završetak
K057;Dina;Frank Herbert;1965;znanstvena fantastika;Znanstvena fantastika;SF roman o pustinjskoj planeti Arrakis, politici, religiji i borbi za začin.;Dostupno;C3-01;Dina, Arrakis, SF, politika
K058;Zaklada;Isaac Asimov;1951;znanstvena fantastika;Znanstvena fantastika;SF roman o padu galaktičkog carstva i pokušaju očuvanja znanja.;Posuđeno;C3-02;Asimov, Zaklada, galaksija, znanje
K059;Ja, robot;Isaac Asimov;1950;znanstvena fantastika;Znanstvena fantastika;Zbirka priča o robotima, etici i poznatim zakonima robotike.;Dostupno;C3-03;Asimov, roboti, etika, SF
K060;Marsovac;Andy Weir;2011;znanstvena fantastika;Znanstvena fantastika;Roman o astronautu koji pokušava preživjeti sam na Marsu koristeći znanost i snalažljivost.;Dostupno;C3-04;Mars, astronaut, preživljavanje, znanost
K061;Vodič kroz galaksiju za autostopere;Douglas Adams;1979;znanstvena fantastika;Znanstvena fantastika;Humoristični SF roman o putovanju svemirom nakon uništenja Zemlje.;Dostupno;C3-05;Adams, humor, svemir, SF
K062;Neuromancer;William Gibson;1984;cyberpunk roman;Znanstvena fantastika;Cyberpunk roman o hakerima, umjetnoj inteligenciji i virtualnom prostoru.;Posuđeno;C3-06;cyberpunk, hakeri, AI, Gibson
K063;Frankenstein;Mary Shelley;1818;gotički roman;Znanstvena fantastika;Roman o znanstveniku koji stvara živo biće i suočava se s posljedicama svojeg čina.;Dostupno;C3-07;Frankenstein, znanost, odgovornost, gotika
K064;Drakula;Bram Stoker;1897;gotički roman;Horor;Klasični roman o grofu Drakuli, vampirima i borbi protiv nadnaravnog zla.;Dostupno;C4-01;Drakula, vampiri, horor, gotika
K065;To;Stephen King;1986;horor roman;Horor;Horor roman o skupini prijatelja koji se suočavaju s drevnim zlom u gradu Derryju.;Rezervirano;C4-02;Stephen King, horor, prijateljstvo, Derry
K066;Isijavanje;Stephen King;1977;horor roman;Horor;Roman o obitelji u izoliranom hotelu i psihološkom propadanju pod utjecajem zla.;Posuđeno;C4-03;King, hotel, horor, psihologija
K067;Ime ruže;Umberto Eco;1980;povijesni kriminalistički roman;Kriminalistika;Roman koji spaja srednjovjekovni samostan, ubojstva, knjige i potragu za istinom.;Dostupno;C5-01;Eco, samostan, kriminalistika, knjige
K068;Ubojstvo u Orient Expressu;Agatha Christie;1934;kriminalistički roman;Kriminalistika;Klasični detektivski roman u kojem Hercule Poirot istražuje ubojstvo u vlaku.;Dostupno;C5-02;Christie, Poirot, vlak, detektiv
K069;Deset malih crnaca;Agatha Christie;1939;kriminalistički roman;Kriminalistika;Napeti roman o skupini ljudi na otoku i nizu tajanstvenih ubojstava.;Posuđeno;C5-03;Christie, otok, misterij, ubojstvo
K070;Sherlock Holmes: Baskervilski pas;Arthur Conan Doyle;1902;kriminalistički roman;Kriminalistika;Detektivski roman o Sherlocku Holmesu, obiteljskom prokletstvu i tajanstvenom psu.;Dostupno;C5-04;Sherlock Holmes, detektiv, misterij
K071;Da Vincijev kod;Dan Brown;2003;triler;Popularna književnost;Triler o simbolima, tajnim društvima, umjetnosti i potrazi za skrivenom istinom.;Dostupno;C1-02;Dan Brown, triler, simboli, tajne
K072;Anđeli i demoni;Dan Brown;2000;triler;Popularna književnost;Triler o znanosti, religiji, tajnom društvu i napetoj istrazi u Rimu.;Posuđeno;C1-03;Dan Brown, Vatikan, znanost, triler
K073;Djevojka s tetovažom zmaja;Stieg Larsson;2005;kriminalistički roman;Kriminalistika;Kriminalistički roman o novinaru i hakerici koji istražuju obiteljsku tajnu.;Dostupno;C5-05;Larsson, hakerica, istraga, misterij
K074;Igre gladi;Suzanne Collins;2008;distopijski roman;Mladi odrasli;Distopijski roman o Katniss Everdeen, preživljavanju i pobuni protiv represivnog sustava.;Dostupno;D2-01;Igre gladi, distopija, pobuna, mladi
K075;Krive su zvijezde;John Green;2012;roman za mlade;Mladi odrasli;Roman o ljubavi, bolesti, odrastanju i suočavanju s prolaznošću.;Dostupno;D2-02;John Green, mladi, ljubav, bolest
K076;Percy Jackson: Kradljivac groma;Rick Riordan;2005;fantasy roman;Mladi odrasli;Roman o dječaku koji otkriva povezanost s grčkom mitologijom i kreće u opasnu potragu.;Rezervirano;D2-03;Percy Jackson, mitologija, pustolovina
K077;Narnijske kronike: Lav, vještica i ormar;C. S. Lewis;1950;fantasy roman;Fantasy;Fantasy roman o djeci koja kroz ormar ulaze u čudesni svijet Narnije.;Dostupno;C2-07;Narnija, fantasy, djeca, čarolija
K078;Sjena vjetra;Carlos Ruiz Zafón;2001;roman;Popularna književnost;Roman o tajanstvenoj knjizi, Barceloni, obiteljskim tajnama i ljubavi prema čitanju.;Dostupno;C1-04;Zafón, knjige, Barcelona, misterij
K079;Kradljivica knjiga;Markus Zusak;2005;povijesni roman;Mladi odrasli;Roman o djevojčici, knjigama i životu u Njemačkoj tijekom Drugog svjetskog rata.;Posuđeno;D2-04;knjige, rat, djevojčica, povijest
K080;Čovjek zvan Ove;Fredrik Backman;2012;roman;Popularna književnost;Topao roman o usamljenom čovjeku, susjedima, gubitku i novom smislu života.;Dostupno;C1-05;Backman, humor, zajednica, usamljenost
K081;Umjetna inteligencija: moderan pristup;Stuart Russell i Peter Norvig;2020;stručna knjiga;Umjetna inteligencija;Sveobuhvatan uvod u teoriju i metode umjetne inteligencije, uključujući pretraživanje, učenje i planiranje.;Dostupno;E1-01;umjetna inteligencija, AI, strojno učenje, algoritmi
K082;Deep Learning;Ian Goodfellow, Yoshua Bengio i Aaron Courville;2016;stručna knjiga;Umjetna inteligencija;Knjiga o dubokom učenju, neuronskim mrežama, optimizaciji i reprezentacijskom učenju.;Posuđeno;E1-02;deep learning, neuronske mreže, AI
K083;Pattern Recognition and Machine Learning;Christopher M. Bishop;2006;stručna knjiga;Umjetna inteligencija;Uvod u statističko strojno učenje, klasifikaciju, regresiju i probabilističke modele.;Dostupno;E1-03;machine learning, klasifikacija, probabilistički modeli
K084;Hands-On Machine Learning with Scikit-Learn, Keras and TensorFlow;Aurélien Géron;2019;priručnik;Umjetna inteligencija;Praktični priručnik za izradu modela strojnog i dubokog učenja u Pythonu.;Dostupno;E1-04;Python, strojno učenje, TensorFlow, Keras
K085;Python Crash Course;Eric Matthes;2019;priručnik;Programiranje;Praktičan uvod u Python programiranje kroz osnovne koncepte i projekte.;Dostupno;E2-01;Python, početnici, programiranje, projekti
K086;Automate the Boring Stuff with Python;Al Sweigart;2015;priručnik;Programiranje;Knjiga za automatizaciju svakodnevnih zadataka pomoću Pythona.;Dostupno;E2-02;Python, automatizacija, skripte, početnici
K087;Fluent Python;Luciano Ramalho;2015;stručna knjiga;Programiranje;Napredniji vodič kroz Python jezik, njegove idiome i učinkovite programerske obrasce.;Posuđeno;E2-03;Python, napredno, programiranje, idiomi
K088;Clean Code;Robert C. Martin;2008;stručna knjiga;Programiranje;Knjiga o pisanju čitljivog, održivog i kvalitetnog programskog koda.;Dostupno;E2-04;clean code, programiranje, kvaliteta koda
K089;The Pragmatic Programmer;Andrew Hunt i David Thomas;1999;stručna knjiga;Programiranje;Praktični savjeti za razvoj softvera, profesionalni rad i bolju organizaciju programera.;Dostupno;E2-05;programiranje, softverski razvoj, praksa
K090;Introduction to Algorithms;Thomas H. Cormen, Charles E. Leiserson, Ronald L. Rivest i Clifford Stein;2009;udžbenik;Računalna znanost;Opsežan udžbenik o algoritmima, strukturama podataka i analizi složenosti.;Rezervirano;E3-01;algoritmi, strukture podataka, računalna znanost
K091;Grokking Algorithms;Aditya Bhargava;2016;priručnik;Računalna znanost;Vizualan i pristupačan uvod u algoritme i strukture podataka.;Dostupno;E3-02;algoritmi, početnici, vizualno učenje
K092;Database System Concepts;Abraham Silberschatz, Henry F. Korth i S. Sudarshan;2019;udžbenik;Baze podataka;Udžbenik o relacijskim bazama, SQL-u, transakcijama i dizajnu baza podataka.;Dostupno;E4-01;baze podataka, SQL, relacijski model
K093;SQL for Data Analysis;Cathy Tanimura;2021;priručnik;Baze podataka;Praktična knjiga za analizu podataka pomoću SQL upita.;Posuđeno;E4-02;SQL, analiza podataka, baze podataka
K094;Data Science from Scratch;Joel Grus;2019;stručna knjiga;Analitika podataka;Uvod u podatkovnu znanost, statistiku, strojno učenje i Python implementacije.;Dostupno;E5-01;data science, Python, statistika, ML
K095;Python for Data Analysis;Wes McKinney;2022;priručnik;Analitika podataka;Praktičan vodič za obradu i analizu podataka u Pythonu koristeći pandas.;Dostupno;E5-02;pandas, Python, analiza podataka
K096;Storytelling with Data;Cole Nussbaumer Knaflic;2015;priručnik;Analitika podataka;Knjiga o jasnoj vizualizaciji podataka i komunikaciji uvida publici.;Dostupno;E5-03;vizualizacija, podaci, komunikacija
K097;Designing Data-Intensive Applications;Martin Kleppmann;2017;stručna knjiga;Računalni sustavi;Knjiga o dizajnu skalabilnih podatkovnih sustava, distribuiranim bazama i pouzdanosti.;Posuđeno;E6-01;sustavi, distribucija, podaci, skalabilnost
K098;Computer Networking: A Top-Down Approach;James F. Kurose i Keith W. Ross;2021;udžbenik;Računalne mreže;Udžbenik o računalnim mrežama, internet protokolima, aplikacijskom i transportnom sloju.;Dostupno;E7-01;mreže, internet, protokoli, računalstvo
K099;Operating System Concepts;Abraham Silberschatz, Peter B. Galvin i Greg Gagne;2018;udžbenik;Operacijski sustavi;Udžbenik o procesima, memoriji, datotekama, sinkronizaciji i operacijskim sustavima.;Dostupno;E8-01;operacijski sustavi, procesi, memorija
K100;Artificial Intelligence for Humans;Jeff Heaton;2013;stručna knjiga;Umjetna inteligencija;Pristupačan uvod u koncepte umjetne inteligencije, neuronske mreže i evolucijske algoritme.;Dostupno;E1-05;AI, neuronske mreže, algoritmi, uvod
K101;Kratka povijest vremena;Stephen Hawking;1988;popularnoznanstvena knjiga;Znanost;Popularnoznanstvena knjiga o svemiru, crnim rupama, vremenu i kozmologiji.;Dostupno;F1-01;Hawking, svemir, vrijeme, fizika
K102;Sapiens;Yuval Noah Harari;2011;popularnoznanstvena knjiga;Povijest;Pregled povijesti čovječanstva, od nastanka Homo sapiensa do modernog društva.;Posuđeno;F2-01;Harari, čovječanstvo, povijest, društvo
K103;Homo Deus;Yuval Noah Harari;2015;popularnoznanstvena knjiga;Društvo;Knjiga o mogućim budućnostima čovječanstva, tehnologiji, moći i ljudskim ambicijama.;Dostupno;F2-02;Harari, budućnost, tehnologija, društvo
K104;21 lekcija za 21. stoljeće;Yuval Noah Harari;2018;publicistika;Društvo;Knjiga o izazovima suvremenog svijeta, politici, tehnologiji, obrazovanju i informacijama.;Dostupno;F2-03;Harari, 21. stoljeće, tehnologija, politika
K105;Moć navike;Charles Duhigg;2012;popularna psihologija;Psihologija;Knjiga o tome kako nastaju navike i kako ih pojedinci i organizacije mogu mijenjati.;Dostupno;F3-01;navike, psihologija, promjena, produktivnost
K106;Atomske navike;James Clear;2018;popularna psihologija;Psihologija;Praktičan vodič za stvaranje dobrih navika i postupno poboljšanje svakodnevnog života.;Posuđeno;F3-02;navike, samorazvoj, produktivnost
K107;Misliti, brzo i sporo;Daniel Kahneman;2011;popularna psihologija;Psihologija;Knjiga o dva sustava razmišljanja, kognitivnim pristranostima i odlučivanju.;Dostupno;F3-03;Kahneman, odlučivanje, psihologija, pristranosti
K108;Emocionalna inteligencija;Daniel Goleman;1995;popularna psihologija;Psihologija;Knjiga o ulozi emocija, samoregulacije i empatije u osobnom i profesionalnom životu.;Dostupno;F3-04;emocije, inteligencija, psihologija, empatija
K109;Čovjekovo traganje za smislom;Viktor E. Frankl;1946;memoari;Psihologija;Knjiga o iskustvu koncentracijskog logora i pronalaženju smisla u patnji.;Dostupno;F3-05;Frankl, smisao, logoterapija, patnja
K110;Umijeće ratovanja;Sun Tzu;-500;strategija;Povijest i strategija;Klasično djelo o strategiji, planiranju, sukobu i mudrom vođenju.;Dostupno;F4-01;strategija, Sun Tzu, ratovanje, vodstvo
K111;Država;Platon;-375;filozofija;Filozofija;Filozofsko djelo o pravednosti, idealnoj državi, odgoju i ulozi filozofa.;Posuđeno;F5-01;Platon, filozofija, država, pravednost
K112;Nikomahova etika;Aristotel;-340;filozofija;Filozofija;Filozofsko djelo o vrlinama, sreći, umjerenosti i dobrom životu.;Dostupno;F5-02;Aristotel, etika, vrlina, sreća
K113;Meditacije;Marko Aurelije;180;filozofija;Filozofija;Zbirka stoicističkih razmišljanja o samodisciplini, prolaznosti i dužnosti.;Dostupno;F5-03;stoicizam, Marko Aurelije, filozofija
K114;Svijet kao volja i predodžba;Arthur Schopenhauer;1818;filozofija;Filozofija;Filozofsko djelo o volji, percepciji, patnji i metafizici.;Rezervirano;F5-04;Schopenhauer, volja, metafizika, filozofija
K115;Tako je govorio Zaratustra;Friedrich Nietzsche;1883;filozofija;Filozofija;Filozofsko-literarno djelo o nadčovjeku, vrijednostima i osobnoj preobrazbi.;Dostupno;F5-05;Nietzsche, filozofija, vrijednosti
K116;Povijest Hrvata;Ivo Goldstein;2008;povijesna knjiga;Povijest;Pregled hrvatske povijesti kroz političke, društvene i kulturne procese.;Dostupno;F2-04;Hrvatska, povijest, društvo, kultura
K117;Europa: povijest;Norman Davies;1996;povijesna knjiga;Povijest;Opsežan pregled europske povijesti, civilizacija, ratova i društvenih promjena.;Posuđeno;F2-05;Europa, povijest, civilizacija
K118;Drugi spol;Simone de Beauvoir;1949;filozofija;Društvo;Ključno djelo feminističke misli o položaju žene i društvenoj konstrukciji roda.;Dostupno;F6-01;feminizam, društvo, rod, filozofija
K119;Kultura narcizma;Christopher Lasch;1979;sociologija;Društvo;Analiza modernog društva, individualizma, potrošnje i promjena u kulturi.;Dostupno;F6-02;sociologija, kultura, društvo, narcizam
K120;Kapital u 21. stoljeću;Thomas Piketty;2013;ekonomija;Ekonomija;Knjiga o nejednakosti, kapitalu, bogatstvu i ekonomskim procesima u modernom društvu.;Dostupno;F7-01;ekonomija, kapital, nejednakost, društvo
K121;Uvod u knjižničarstvo;Aleksandra Horvat;2009;stručna knjiga;Knjižničarstvo;Uvod u temeljne pojmove knjižničarstva, organizaciju knjižnica i rad s korisnicima.;Dostupno;G1-01;knjižnica, knjižničarstvo, korisnici, katalog
K122;Informacijska pismenost;Sonja Špiranec i Mihaela Banek Zorica;2008;stručna knjiga;Knjižničarstvo;Knjiga o pronalaženju, vrednovanju i korištenju informacija u obrazovanju i društvu.;Dostupno;G1-02;informacijska pismenost, informacije, obrazovanje
K123;Digitalne knjižnice;Tefko Saracevic;2000;stručna knjiga;Knjižničarstvo;Knjiga o konceptima digitalnih knjižnica, pristupu informacijama i organizaciji digitalne građe.;Posuđeno;G1-03;digitalne knjižnice, informacije, tehnologija
K124;Organizacija znanja;Birger Hjørland;2008;stručna knjiga;Knjižničarstvo;Djelo o klasifikaciji, indeksiranju i organizaciji znanja u informacijskim sustavima.;Dostupno;G1-04;organizacija znanja, klasifikacija, indeksiranje
K125;Katalogizacija: osnove i praksa;Marija Petrić;2015;priručnik;Knjižničarstvo;Praktični uvod u katalogizaciju knjižnične građe i bibliografski opis.;Dostupno;G1-05;katalogizacija, bibliografija, knjižničarstvo
K126;Akademsko pisanje;Lada Badurina;2018;priručnik;Obrazovanje;Priručnik za pisanje seminarskih, završnih i stručnih radova.;Dostupno;G2-01;akademsko pisanje, završni rad, citiranje
K127;Metodologija znanstvenog istraživanja;Miroslav Vujević;2002;udžbenik;Obrazovanje;Udžbenik o istraživačkom procesu, metodama, uzorkovanju i analizi rezultata.;Posuđeno;G2-02;metodologija, istraživanje, znanost
K128;Kako čitati knjigu;Mortimer J. Adler i Charles Van Doren;1940;priručnik;Obrazovanje;Vodič za aktivno, analitičko i kritičko čitanje različitih vrsta knjiga.;Dostupno;G2-03;čitanje, učenje, kritičko mišljenje
K129;Retorika;Aristotel;-335;filozofija;Komunikacija;Klasično djelo o uvjeravanju, argumentaciji i javnom govoru.;Dostupno;G3-01;retorika, govor, argumentacija, uvjeravanje
K130;Umijeće jasnog mišljenja;Rolf Dobelli;2011;popularna psihologija;Psihologija;Knjiga o logičkim pogreškama i kognitivnim zamkama u svakodnevnom odlučivanju.;Dostupno;F3-06;mišljenje, pogreške, psihologija, odlučivanje
K131;Hrvatski pravopis;Institut za hrvatski jezik i jezikoslovlje;2013;priručnik;Jezik;Pravopisni priručnik za pravilno pisanje hrvatskog jezika.;Dostupno;G4-01;pravopis, hrvatski jezik, pisanje
K132;Gramatika hrvatskoga jezika;Stjepko Težak i Stjepan Babić;1992;priručnik;Jezik;Priručnik o gramatičkim pravilima hrvatskoga jezika.;Posuđeno;G4-02;gramatika, hrvatski jezik, pravila
K133;Rječnik stranih riječi;Bratoljub Klaić;1983;rječnik;Jezik;Rječnik stranih riječi i izraza s objašnjenjima značenja.;Dostupno;G4-03;rječnik, strane riječi, značenje
K134;Englesko-hrvatski rječnik;Vladimir Ivir;1991;rječnik;Jezik;Rječnik za prevođenje i razumijevanje engleskih riječi na hrvatskom jeziku.;Dostupno;G4-04;engleski, hrvatski, rječnik, prevođenje
K135;Oxford Advanced Learner's Dictionary;Oxford University Press;2020;rječnik;Jezik;Rječnik engleskog jezika za učenike i studente s objašnjenjima i primjerima uporabe.;Dostupno;G4-05;engleski, rječnik, učenje jezika
K136;Povijest umjetnosti;H. W. Janson;1962;stručna knjiga;Umjetnost;Pregled razvoja likovne umjetnosti, stilova, umjetnika i kulturnih razdoblja.;Posuđeno;H1-01;umjetnost, povijest umjetnosti, stilovi
K137;Umjetnost boje;Johannes Itten;1961;stručna knjiga;Umjetnost;Knjiga o teoriji boja, kontrastima i primjeni boje u umjetnosti i dizajnu.;Dostupno;H1-02;boje, dizajn, umjetnost, teorija
K138;Dizajn svakodnevnih stvari;Don Norman;1988;stručna knjiga;Dizajn;Knjiga o korisničkom iskustvu, razumljivom dizajnu i odnosu čovjeka i proizvoda.;Dostupno;H2-01;dizajn, UX, korisničko iskustvo
K139;Ne tjerajte me na razmišljanje;Steve Krug;2000;priručnik;Dizajn;Praktičan vodič za upotrebljivost web stranica i jasno korisničko sučelje.;Dostupno;H2-02;web dizajn, UX, upotrebljivost
K140;Osnove fotografije;Michael Freeman;2007;priručnik;Umjetnost;Priručnik o kompoziciji, svjetlu, tehnikama i kreativnom pristupu fotografiji.;Dostupno;H3-01;fotografija, kompozicija, svjetlo
K141;Kuharica za studente;Ana Ugarković;2014;kuharica;Slobodno vrijeme;Zbirka jednostavnih recepata i savjeta za brzo i pristupačno kuhanje.;Dostupno;I1-01;kuhanje, studenti, recepti, prehrana
K142;Mediteranska kuhinja;Veljko Barbieri;2006;kuharica;Slobodno vrijeme;Kuharica s receptima i pričama o mediteranskoj prehrani i kulturi.;Posuđeno;I1-02;kuhanje, Mediteran, recepti
K143;Planinarenje za početnike;Alan Čaplar;2012;priručnik;Slobodno vrijeme;Vodič za sigurnije planinarenje, opremu, orijentaciju i pripremu izleta.;Dostupno;I2-01;planinarenje, priroda, oprema, početnici
K144;Zdravlje iz prirode;Mladen Kušec;2010;priručnik;Zdravlje;Priručnik o zdravim životnim navikama, prehrani i prirodnom pristupu očuvanju zdravlja.;Dostupno;I3-01;zdravlje, prehrana, priroda, navike
K145;Anatomija čovjeka;Johannes Sobotta;2018;udžbenik;Medicina;Ilustrirani udžbenik anatomije ljudskog tijela namijenjen studentima i stručnjacima.;Rezervirano;I4-01;anatomija, medicina, ljudsko tijelo
K146;Prva pomoć;Hrvatski Crveni križ;2016;priručnik;Zdravlje;Priručnik s osnovnim postupcima prve pomoći u hitnim situacijama.;Dostupno;I3-02;prva pomoć, zdravlje, hitne situacije
K147;Put oko svijeta u 80 dana;Jules Verne;1873;pustolovni roman;Dječja književnost;Pustolovni roman o Phileasu Foggu i njegovu putovanju oko svijeta.;Dostupno;D1-09;Verne, putovanje, pustolovina, svijet
K148;20 000 milja pod morem;Jules Verne;1870;pustolovni roman;Znanstvena fantastika;Roman o kapetanu Nemu, podmornici Nautilus i istraživanju morskih dubina.;Dostupno;C3-08;Verne, more, podmornica, pustolovina
K149;Robinson Crusoe;Daniel Defoe;1719;pustolovni roman;Svjetska književnost;Roman o brodolomcu koji godinama preživljava na pustom otoku.;Posuđeno;B3-04;Defoe, otok, preživljavanje, pustolovina
K150;Guliverova putovanja;Jonathan Swift;1726;satirični roman;Svjetska književnost;Satirični roman o putovanjima Lemuela Gullivera i kritici društva.;Dostupno;B3-05;Swift, satira, putovanje, društvena kritika